key,kr,en,jp,zh-sc-gl,zh-sc-zai,th,id,ru,it,pt,es,vi,zh-hant,fr,tr
Kiehls_Tutorial_Guide_Title_001,키엘 그린 라이프 가든,Kiehl's Green Life Garden,キールズサマー,科颜氏绿色生活花园,科颜氏绿色生活花园,Kiehl's กรีนไลฟ์การ์เด้น,Taman Kehidupan Hijau Kiehl's,Магазин «Жизнь в зеленом цвете»,Giardino Vita Verde di Kiehl's,Jardim Vida Verde da Kiehl's,Jardín Vida verde Kiehl's,Khu Vườn Cuộc Sống Xanh của Kiehl,契爾氏綠色生活花園,Kiehl's Green Life Garden,Kiehl's Yeşil Yaşam Bahçesi
Kiehls_Tutorial_Guide_Desc_001_1,초록빛 여름으로 물든 포시즌 가든과 키엘의 만남!,Join us in our journey with Kiehl's recycle campaign in brand-new Four Seasons Garden!,グリーンを取り入れた夏！春夏秋冬ガーデンとキールズのコラボ！,四季花园和科颜氏的绿色夏日联盟！,四季花园和科颜氏的绿色夏日联盟！,การพบกันของ Kiehl's และสวนโฟร์ซีซั่น Green Summer!,Pertemuan hijau musim panas Taman Empat Musim dan Kiehl's,Союз Сада «Четыре сезона» и Kiehl's окрашен в зеленые краски лета,Scopri la collaborazione estiva green tra il Bar Quattro Stagioni e Kiehl's,Parceria da Kiehl com o Jardim Quatro Estações no verde do verão,Unión estival verde entre el Jardín Cuatro Estaciones y Kiehl's,Cuộc gặp gỡ của Kiehl và mùa hè tươi xanh trong Khu Vườn Bốn Mùa!,四季花園和契爾氏的綠色夏日合作！,La rencontre du jardin Four seasons et de Kiehl's colorée en vert été !,Four Seasons Garden ve Kiehl's'ın yeşil yaz birlikteliği
Kiehls_Tutorial_Guide_Desc_001_2,싱그러운 자연 속에 새롭게 오픈한 키엘 팝업과 루프탑 카페를 방문해 보세요.,Visit Kiehl’s Green Life pop-up and cafe inside the garden.,爽やかな自然に包まれたキールズショップとカフェを訪問してみよう〜,前往清新自然的科颜氏门店和咖啡店吧,前往清新自然的科颜氏门店和咖啡店吧,เยี่ยมชมคาเฟ่และช็อป Kiehl's ท่ามกลางธรรมชาติสดชื่น,Kunjungi toko dan kafe Kiehl's di alam yang rimbun.,"Посетите магазин и кафе Kiehl's, расположенные в уголке нетронутой природы.",Visita il negozio Kiehl’s nel bar e perditi tra le meraviglie della natura.,Visite a loja e o café da Kiehl na mais pura natureza.,Visita la tienda Kiehl's y la cafetería en un entorno natural.,Thăm cửa hàng của Kiehl và tiệm cà phê trong thiên nhiên tươi xanh.,參觀清新自然裡的契爾氏門市和咖啡廳吧！,Visitez le magasin et le café Kiehl's dans une nature fraîche.,Yemyeşil bir doğa içinde Kiehl's mağazasını ve kafesini ziyaret et.
Kiehls_Tutorial_Guide_Title_002,키엘 그린 팝업,Kieh’s Green Pop-up,キールズショップとカフェ,科颜氏绿色快闪店,科颜氏绿色快闪店,ป๊อปอัปสโตร์ Kieh’s กรีน,Pop-up Hijau Kiehl's,Временный магазин Kiehl's экологически чистых товаров,Negozio sostenibile di Kiehl's,Lojinha Verde da Kiehl's,Tienda efímera Kiehl's,Cửa Hàng Pop-up của Kiehl,契爾氏綠色快閃店,Kiehl's Green Pop-up,Kiehl’s Yeşil Gezici Mağazası
Kiehls_Tutorial_Guide_Desc_002_1,환경을 생각한 키엘의 다양한 제품들도 체험해보세요.,Experience wide selections of Kiehl's eco-friendly products at Kiehl's pop-up.,キールズ製品：キールズショップで様々なキールズ製品を体験してみてね！,体验为环境着想的科颜氏的多种产品吧,体验为环境着想的科颜氏的多种产品吧,ทดลองใช้หลากหลายสินค้าของ Kiehl's ที่คำนึงถึงสิ่งแวดล้อม,Nikmati ragam pilihan produk Kiehl's ramah lingkungan di toko pop-up Kiehl's.,Ознакомьтесь с широким ассортиментом экологически чистых продуктов во временном магазине Kiehl's.,Scopri una vasta selezione di prodotti sostenibili Kiehl's presso il negozio del brand.,Experimente uma ampla variedade de produtos ecológicos na lojinha da Kiehl's.,Prueba una gran selección de productos sostenibles Kiehls's en la tienda efímera Kiehl's.,Trải nghiệm sản phẩm thân thiện với môi trường của Kiehl tại cửa hàng pop-up của Kiehl.,體驗友善環境的契爾氏多樣產品吧！,Découvrez les différents produits Kiehl's respectueux de l'environnement.,Kiehl's gezici mağazasında çevre dostu ürünlerden oluşan geniş bir ürün yelpazesini deneyimle.
Kiehls_Tutorial_Guide_Desc_002_2,공병 수거함 : 키엘 공병은 키엘이 수거한다! <br>칼렌듈라 꽃밭에서 공병을 주워 키엘 팝업 내 공병 수거함에 반납해 주세요.,Pick up the empty bottles from the calendula flower garden and recycle them into the recycle box.,空ボトル回収箱：キールズの空ボトルはキールズが回収〜！カレンデュラのお花畑で空ボトルを拾って、<br>キールズショップ内の空ボトル回収箱に返却してね。,空瓶回收箱：科颜氏的空瓶由科颜氏回收！<br>在金盏花花园中捡起空瓶，送到空瓶回收箱吧,空瓶回收箱：科颜氏的空瓶由科颜氏回收！<br>在金盏花花园中捡起空瓶，送到空瓶回收箱吧,สวนคาเลนดูล่าจิ๋ว : ปลูกดอกคาเลนดูล่า <br>ไอเทมซิกเนเจอร์ของ Kiehl's ในขวดเปล่าดูสิ,Kotak pengumpulan botol kosong: Kiehl's akan mengumpulkan botol kosong mereka!! <br>Ambil botol kosong dari taman bunga calendula dan kembalikan ke kotak pengumpulan botol kosong di toko Kiehl's.,Бокс для приема пустых баночек: Kiehl's принимает пустые баночки из-под своей продукции! <br>Собирайте пустые баночки в ромашковом саду и возвращайте их в бокс для приема пустых баночек в магазине Kiehl's.,Contenitore per la raccolta dei flaconi vuoti: Kiehl's raccoglierà e si prenderà cura di tutti i flaconi vuoti! <br>Preleva i flaconi vuoti dal giardino dei fiori di calendula per depositarli nell’apposito contenitore di raccolta del negozio Kiehl’s.,Caixa de coleta de frascos vazios: a Kiehl está coletando frascos vazios! <br>Pegue frascos vazios no jardim de calêndulas e leve-os para a caixa de coleta na loja da Kiehl.,Caja de recolección de frascos vacíos: ¡Kiehl recolectará sus frascos vacíos! <br>Recoge frascos vacíos del jardín caléndula y llévalos a la caja de recolección de frascos vacíos de la tienda Kiehl's.,Hộp thu gom chai rỗng: Kiehl sẽ thu gom chai rỗng của họ! <br>Nhặt chai rỗng từ vườn hoa cúc và trả chúng tại thùng thu thập chai rỗng trong cửa hàng Kiehl.,空瓶回收桶：契爾氏空瓶就交給契爾氏回收！<br>在金盞花花圃裡撿起空瓶並放入契爾氏門市裡的空瓶回收桶,Boîte de collecte de bouteilles vides : Kiehl's récupère ses bouteilles vides ! <br>Récupérez les bouteilles vides dans le parterre de fleurs de calendula et remettez-les dans la boîte de collecte de bouteilles vides dans le magasin Kiehl's.,"Boş şişe toplama kutusu: Kiehl's, kendi boş şişelerini toplayacak! <br>Kadife çiçeği bahçesinden boş şişeleri al ve Kiehl's mağazasındaki boş şişe toplama kutusuna geri koy."
Kiehls_Tutorial_Guide_Desc_002_3,"키엘의 시그니쳐 아이템, 칼렌듈라 꽃을 공병에 플랜팅 해보세요.",Pick up the empty bottle and recycle in the mini-garden. <br>You can plant the calendula flowers with the empty bottle.  ,カレンデュラミニ花壇 : キールズの大人気アイテム、カレンデュラのお花を空ボトルに入れて育ててみよう！,金盏花迷你花坛：在空瓶里种植科颜氏的代表商品金盏花吧,金盏花迷你花坛：在空瓶里种植科颜氏的代表商品金盏花吧,จุดเก็บขวดเปล่า : Kiehl's จะเก็บขวดเปล่าของ Kiehl's ให้เอง! เก็บขวดเปล่าที่สวนดอกคาเลนดูล่าแล้วนำมาคืนที่จุดเก็บขวดเปล่าในร้านค้า Kiehl's,"Bunga Mini Calendula: Tanam item khas Kiehl's, bunga Calendula di dalam botol kosong.","Мини-ромашка: посадите фирменный предмет Kiel's, ромашку, в пустую баночку.","Fiore di calendula: pianta un seme di calendula, ovvero il fiore più noto del marchio Kiehl’s, in un flacone vuoto.","Miniflor de Calêndula: plante o item exclusivo da Kiehl, a flor de calêndula, em um frasco vazio.","Miniflor caléndula: planta el artículo insignia de Kiehl's, la flor caléndula, en un frasco vacío.","Vườn Hoa Cúc Nhỏ: Trồng hoa cúc, vật phẩm đặc trưng của Kiel trong chai rỗng.",金盞花迷你花圃：將契爾氏的招牌原料金盞花種在空瓶裡吧！,"Petite plate-bande de calendula : Plantez la fleur de calendula, le produit-vedette de Kiehl's, dans une bouteille vide.",Küçük Kadife Çiçeği: Kiehl's'ın imzası olan kadife çiçeğini boş bir şişeye koy.
Kiehls_Tutorial_Guide_Desc_002_4,루프탑 카페: 루프탑 카페에서 여름을 만끽해봐요. <br>일회용 컵 대신 텀블러로 아이스 아메리카노를 즐겨주세요.,Enjoy iced coffee at the Kiehl’s rooftop cafe. <br>Coffee is provided in eco-friendly tumbler instead of disposable cups.,クレム・ドゥ・コールカフェ：キールズクレム・ドゥ・コールカフェで夏を満喫しよう！<br>使い捨てカップの代わりにタンブラーでアイスコーヒーを堪能〜,Future Made Better咖啡店：在科颜氏Future Made Better咖啡店享受夏天吧。<br>用保温杯代替一次性杯子，享受冰美式吧,Future Made Better咖啡店：在科颜氏Future Made Better咖啡店享受夏天吧。<br>用保温杯代替一次性杯子，享受冰美式吧,คาเฟ่ Future Made Better : สนุกไปกับฤดูร้อนที่คาเฟ่ Kiehl's Future Made Better <br>และเพลิดเพลินไปกับอเมริกาโน่เย็นในแก้วทัมเบลอร์แทนแก้วแบบใช้แล้วทิ้ง,Kafe Future Made Better: Rasakan musim panas sepenuhnya di Kafe Future Made Better Kiehl's. <br>Nikmati Americano dingin bukan dengan cangkir sekali pakai tapi dengan tumbler.,"Кафе Future Made Better: насладитесь летним настроением по полной в кафе Future Made Better. <br>Пейте американо со льдом из тамблера (термокружки), а не из одноразового стаканчика.",Bar Future Made Better: goditi l'estate al massimo trascorrendo le tue giornate al bar Future Made Better di Kiehl’s. <br>Gusta il caffè in stile americano ghiacciato in un bicchiere di vetro invece di utilizzare una tazza usa e getta.,"Café Future Made Better: Aproveite o verão ao máximo no Café Future Made Better. <br>Desfrute de um americano gelado em um copo americano, em vez de usar um descartável.","Cafetería Future Made Better: disfruta plenamente del verano en la cafetería Future Made Better de Kiehl's. <br>Tómate un americano helado en vaso, en vez de en una recipiente de plástico.",Future Made Better Cafe: Thỏa sức tận hưởng mùa hè tại Future Made Better Cafe của Kiehl. <br>Thưởng thức một cốc Americano đá trong bình nước thay vì cốc giấy.,Future Made Better 咖啡廳：在契爾氏Future Made Better咖啡廳裡享受夏日時光，<br>用隨身杯代替一次性杯子來暢飲冰美式咖啡！,Café Future Made Better : Profitez pleinement de l'été au café Future Made Better de Kiehl's.  <br>Dégustez un americano glacé avec un gobelet au lieu d'une tasse jetable.,"Daha İyi Bir Gelecek İçin Kafe: Kiehl's'ın, Daha İyi Bir Gelecek İçin Kafesinde yazın keyfini doyasıya çıkar. <br>Tek kullanımlık bardak yerine termos bardakla buzlu Americano'nun tadını çıkar."
Kiehls_Tutorial_Guide_Title_003,키엘 메리고라운드,Kiehl's Carousel,キールズメリーゴーランド,科颜氏旋转木马,科颜氏旋转木马,ม้าหมุน Kiehl's,Korsel Kiehl's,Карусель Kiehl's,Giostra Kiehl’s,Carrossel da Kiehl,Carrusel Kiehl's,Đu Quay của Kiehl,契爾氏旋轉木馬,Manège de Kiehl's,Kiehl's Atlıkarıncası
Kiehls_Tutorial_Guide_Desc_003_1,"메리고라운드를 움직이려면, 먼저 칼렌듈라 꽃밭에서 키엘 공병을 획득해야해요.",Pick up the Kiehl’s empty bottle from the calendula flower garden to activate the carousel.,メリーゴーランドを動かすには、まずカレンデュラのお花畑でキールズの空ボトルを獲得する必要があるよ！,想让旋转木马动起来，需要到金盏花花园获得科颜氏空瓶,想让旋转木马动起来，需要到金盏花花园获得科颜氏空瓶,หากต้องการให้ม้าหมุนเคลื่อน ต้องเก็บขวดเปล่า Kiehl's ในสวนดอกคาเลนดูล่าก่อน,"Untuk mengaktifkan korsel, Anda harus mendapatkan botol kosong Kiehl's dari taman bunga calendula terlebih dahulu.","Чтобы запустить карусель, сначала нужно раздобыть пустую баночку Kiehl's в ромашковом саду.","Per accedere alla giostra, dovrai prima acquistare un flacone vuoto Kiehl’s nel giardino dei fiori di calendula.","Para ativar o carrossel, é preciso adquirir o frasco vazio da Kiehl no jardim de calêndulas.","Para activar el carrusel, primero tienes que conseguir un frasco vacío de Kiehl's en el jardín caléndula.","Để khởi động đu quay, trước tiên bạn phải tìm được chai rỗng của Kiehl trong vườn hoa cúc.",想讓旋轉木馬動起來，就得先到金盞花花圃取得契爾氏空瓶,"Pour mettre le manège en marche, vous devez d'abord obtenir une bouteille vide de Kiehl's dans le parterre de fleurs de calendula.",Atlıkarıncayı etkinleştirmek için önce kadife çiçeği bahçesinden boş bir Kiehl's şişesi edinmelisin.
Kiehls_Tutorial_Guide_Desc_003_2,획득한 키엘 공병을 미니화단으로 가져가 칼렌듈라 꽃을 심어주세요.,Take the empty bottle to the mini-garden and create a calendula flower vase with the recycled bottle. ,獲得したキールズの空ボトルをミニ花壇に持って行って、カレンデュラのお花を植えてね。,拿着获得的科颜氏空瓶，到迷你花坛种下金盏花吧,拿着获得的科颜氏空瓶，到迷你花坛种下金盏花吧,นำขวดเปล่า Kiehl's ที่เก็บได้ไปที่สวนจิ๋ว แล้วปลูกดอกคาเลนดูล่า,Bawa botol kosong Kiehl's yang didapat ke taman mini dan tanam bunga Calendula.,Отнесите пустую баночку Kiehl's в мини-сад и посадите в нее ромашку.,Porta il flacone vuoto Kiehl’s acquistato nel giardino e pianta un seme del fiore di calendula.,Leve o frasco da Kiehl para o minijardim e plante a flor de calêndula.,Lleva el frasco vacío de Kiehl's que conseguiste al minijardín y planta una caléndula.,Đem chai rỗng của Kiehl đến khu vườn nhỏ và trồng hoa cúc.,將契爾氏空瓶拿到迷你花圃並種植金盞花,Apportez la bouteille vide de Kiehl's obtenue sur la petite plaque-bande et plantez une fleur de calendula.,Aldığın boş Kiehl's şişesini küçük bahçeye götür ve bir kadife çiçeği dik.
Kiehls_Tutorial_Guide_Desc_003_3,칼렌듈라 꽃을 심은 키엘 공병을 메리고라운드 단상 위에 올려주세요. <br>공병 화분이 없으면 페달을 돌릴 수 없어요.,Place the calendula flower vase on the platform to activate the carousel. <br>The bike’s pedal only works with the flower vase. ,カレンデュラのお花を植えたキールズの空ボトルをメリーゴーランドの上に乗せよう！<br>花瓶がないとペダルを回せないよ。,将种植金盏花的科颜氏空瓶放在旋转木马台子上吧。<br>没有花瓶无法转动踏板,将种植金盏花的科颜氏空瓶放在旋转木马台子上吧。<br>没有花瓶无法转动踏板,นำขวดเปล่า Kiehl's ที่เก็บได้ไปที่สวนจิ๋ว <br>แล้วปลูกดอกคาเลนดูล่า,Letakkan botol berisi bunga Calendula di platform korsel. <br>Pedal tidak akan berfungsi tanpa vas bunga tersebut.,Поместите баночку с ромашкой на платформу карусели. <br>Без вазы педаль не будет крутиться.,Posiziona il flacone contenente il fiore di calendula sulla piattaforma della giostra. <br>Il pedale non si azionerà senza un vaso.,Coloque o frasco com a flor de calêndula na plataforma do carrossel. <br>Não é possível pedalar sem um vaso.,Coloca el frasco con la caléndula en la plataforma del carrusel. <br>El pedal no girará sin un jarrón.,Đặt một lọ hoa cúc trên bục đu quay. <br>Phải có lọ hoa thì bàn đạp mới có thể quay.,接著將種著金盞花的契爾氏空瓶放在旋轉木馬台子上，<br>要有花瓶才能轉動踏板,Placez la bouteille avec la fleur de calendula sur la plate-forme du manège. <br>La pédale ne tournera pas sans vase.,Kadife çiçeğinin bulunduğu şişeyi atlıkarınca platformuna yerleştir. <br>Vazo olmadan kol dönmez.
Kiehls_Tutorial_Guide_Desc_003_4,페달을 돌리면 아름다운 음악과 조명이 켜지며 메리고라운드가 움직일 거에요.,Ride a bicycle to turn on the beautiful music and lightings around the carousel. ,ペダルを回すと美しい音楽と照明が点灯してメリーゴーランドが動き出すよ。,随着踏板的转动，美妙的音乐和灯光会越来越大，旋转木马也会一起转动,随着踏板的转动，美妙的音乐和灯光会越来越大，旋转木马也会一起转动,เหยียบคันเหยียบเพื่อเปิดไฟกับเสียงเพลงสุดตระการตา และเคลื่อนม้าหมุน,"Kayuh pedal untuk menyalakan musik dan lampu yang cantik, dengan begitu korsel akan mulai bergerak.","Крутите педаль, чтобы включить прекрасную музыку и свет. Карусель придет в движение.",Usa il pedale per accendere la musica e le luci e azionare la giostra.,"Ao girar o pedal, começará a tocar uma linda música acompanhada de luzes, e o carrossel começará a funcionar.","Gira el pedal para activar la música y las luces, y el carrusel se pondrá en movimiento,","Xoay bàn đạp để bật âm nhạc sôi động và ánh đèn lung linh, vậy thì đu quay thú nhún sẽ bắt đầu chuyển động.",悠揚的音樂和美麗燈光將會隨著踏板的轉動而出現，接著旋轉木馬就會開始轉動了,"Il vous suffit de tourner la pédale pour allumer la belle musique et les lumières, puis le manège se met en marche.","Hoş müziği ve ışıkları açmak için kolu çevir, ardından atlıkarınca hareket etmeye başlayacaktır."
Kiehls_Tutorial_Guide_Desc_003_5,※ 메리고라운드가 움직일 때도 동시 탑승이 가능해요. <br>꽃병을 올린 뒤 함께 페달을 돌려주세요.,※ You can still ride bicycle even when the carousel is moving. <br>Place the flower vase for pedaling and activate the carousel.,※ メリーゴーランドは動く時も同時に搭乗が可能だよ。<br>花瓶を乗せた後、一緒にペダルを回そう！,※ 旋转木马转动时可以一起乘坐。<br>放上花瓶后，转动踏板吧,※ 旋转木马转动时可以一起乘坐。<br>放上花瓶后，转动踏板吧,※ สามารถขึ้นนั่งม้าหมุนขณะที่กำลังเคลื่อนอยู่ได้ หลังจากวาง<br>ขวดดอกไม้ ให้เหยียบคันเหยียบไปพร้อมกัน,"※ Kamu bisa menaiki korsel bahkan ketika ia sedang bergerak. <br>Letakkan vas bunga, lalu kayuh pedalnya.",※ Подняться на карусель можно даже во время ее движения. <br>Поместите вазу и затем крутите педаль.,※ Puoi salire sulla giostra anche mentre è in movimento. <br>Posiziona il vaso e attiva il pedale.,※ Você entrar no carrossel mesmo quando estiver em funcionamento. <br>Coloque o vaso e gire o pedal.,※ Puedes subirte al carrusel en movimiento. <br>Coloca el jarrón y gira el pedal. ,"※ Bạn có thể cưỡi đu quay thú nhún ngay cả khi nó đang chuyển động. <br>Đặt lọ hoa lên, rồi xoay bàn đạp. ",※ 可在旋轉木馬轉動時同時搭乘，<br>放上花瓶並一同轉動踏板吧,"※ Vous pouvez monter sur le manège même lorsqu'il est en mouvement. <br>Placez le vase, puis tournez la pédale.",※ Hareket halindeyken bile atlıkarıncaya binebilirsin. <br>Vazoyu yerleştir ve kolu çevir.
Kiehls_Tutorial_Guide_Desc_003_6,"가동률이 60%를 넘으면, 단상 위에 꽃병을 올릴 수 없어요. <br>동시 탑승이 어려우니 다음 차례를 기다려주세요.","If the speed of the bicycle exceeds 60%, you can’t place the flower vase on the platform. <br>Please wait for the next turn.",稼働率が60％を超えると、メリーゴーランドの上に花瓶を上げれなくなるよ。<br>同時に搭乗をするには次の順番を待とう〜,启动率超过60%时，台子上无法再放置花瓶。<br>无法同时乘坐，请等待下一轮,启动率超过60%时，台子上无法再放置花瓶。<br>无法同时乘坐，请等待下一轮,หากอัตราการเดินเครื่องเกิน 60% จะไม่สามารถ<br>วางขวดดอกไม้บนแท่นได้ และไม่สามารถขึ้น<br>นั่งม้าหมุนได้เช่นกัน กรุณารอรอบต่อไป,"Jika kecepatan operasi melebihi 60%, vas tidak dapat bertahan di platform. <br>Sulit untuk naik pada saat ini, jadi silakan tunggu giliran selanjutnya.","Ваза не будет стоять на платформе, если скорость движения превышает 60%. <br>При этом сложно подняться на карусель. Дождитесь следующего поворота.","Se la velocità di funzionamento supera il 60%, il vaso non potrà rimanere sulla piattaforma. <br>Dal momento che è difficile salire nello stesso momento, ti consigliamo di attendere il turno successivo.","Se a velocidade do carrossel estiver acima de 60%, o vaso não pode ficar plataforma. <br>Assim, não é possível entrar no carrossel, portanto a próxima vez.","Si la velocidad operativa supera el 60 %, el jarrón no podrá mantenerse en la plataforma. <br>Es difícil subirse al mismo tiempo, espera a la siguiente vuelta.","Nếu tốc độ vận hành vượt quá 60%, lọ hoa sẽ không thể giữ vững trên bục đu quay. <br>Rất khó để lên cùng một lúc, nên xin hãy đợi đến lượt tiếp theo.",當啟動率超過60%時將無法放置花瓶，<br>也不能同時搭乘，請等待下一輪,"Si la disponibilité dépasse 60%, le vase ne peut pas rester sur la plate-forme. <br>Il est difficile de monter à bord en même temps, alors veuillez attendre le prochain tour.",Çalışma hızı %60'ın üzerine çıkarsa vazo platformun üzerinde duramaz. <br>Hemen binmek zor olabilir bu yüzden lütfen bir sonraki turu bekle.
Kiehls_recycling_text_001,키엘 공병 재활용 캠페인에 참여해 봐요.,Join the Kiehl's recycling campaign.,キールズの空ボトルリサイクルキャンペーンに参加してみよう！,参加科颜氏空瓶回收活动吧,参加科颜氏空瓶回收活动吧,เข้าร่วมแคมเปญรีไซเคิลขวด Kiehl's,Ikut serta dalam kampanye daur ulang botol kosong Kiehl's.,Примите участие в кампании по переработке пустых баночек Kiehl's.,Partecipa alla campagna di riciclaggio di flaconi vuoti di Kiehl's.,Participe da campanha de reciclagem de frascos vazios da Kiehl.,Participa de la campaña de Kiehl's de reciclado de frascos.,Tham gia chiến dịch tái chế chai rỗng của Kiehl.,參與契爾氏空瓶運用活動吧！,Participez à la campagne de recyclage des bouteilles vides de Kiehl's.,Kiehl's'ın boş şişe geri dönüşüm kampanyasına katıl.
Kiehls_recycling_text_002,사용한 키엘 공병은 공병 수거함에 넣어주세요.,Put all Kiehl's empty bottles in the recycle bin.,使用したキールズの空ボトルは、空ボトル回収箱に入れてね。,将用完的科颜氏空瓶放入空瓶回收箱吧,将用完的科颜氏空瓶放入空瓶回收箱吧,นำขวดเปล่า Kiehl's ที่ใช้แล้วไปใส่ในจุดเก็บขวดเปล่า,Silakan letakkan botol kosong Kiehl's ke dalam kotak penumpulan botol kosong.,Поместите использованную пустую баночку Kiehl's в бокс для приема пустых баночек.,Inserisci il flacone vuoto Kiehl's nel contenitore di raccolta dei rifiuti.,Coloque o frasco vazio usado da Kiehl na caixa de coleta de frascos vazios.,Coloca los frascos vacíos de Kiehl's en la caja de recolección de frascos vacíos.,Xin hãy bỏ chai rỗng đã dùng của Kiehl vào hộp thu gom chai rỗng.,將用完的契爾氏空瓶投入空瓶回收桶,Veuillez déposer les bouteilles vides Kiehl's usagées dans la boîte de collecte de bouteilles vides.,Lütfen Kiehl's kullanılmış boş şişesini boş şişe toplama kutusuna koy.
Kiehls_recycling_text_003,키엘 공병을 모두 반납하면 특별한 선물을 받을 수 있어요.,Recycle all the empty bottles to receive a special gift.,キールズの空ボトルを全て返却すれとスペシャルプレゼントをもらえるよ！,回收所有的科颜氏空瓶可以获得特别礼物,回收所有的科颜氏空瓶可以获得特别礼物,เมื่อคืนขวดเปล่า Kiehl's ทั้งหมด จะได้รับของขวัญสุดพิเศษ,Kumpulkan semua botol kosong Kiehl's untuk menerima hadiah spesial.,Верните все пустые баночки Kiehl's и получите специальный подарок.,Restituisci tutti i flaconi vuoti Kiehl's per ricevere un regalo speciale.,Leve todos os frascos vazios da Kiehl para receber um presente especial.,Recupera todos los frascos vacíos de Kiehl's para recibir un regalo especial.,Trả chai rỗng của Kiehl để nhận một phần quà đặc biệt.,投入所有契爾氏空瓶後就能獲得特殊禮物,Renvoyez toutes les bouteilles vides Kiehl's pour recevoir un cadeau spécial.,Özel bir hediye almak için Kiehl's'ın tüm boş şişelerini iade et.
Kiehls_recycling_alert,아직 획득한 키엘 공병이 없어요.,You don't have any Kiehl's empty bottle yet.,まだ獲得したキールズの空ボトルがないよ。,目前还未获得科颜氏空瓶,目前还未获得科颜氏空瓶,ยังไม่มีขวดเปล่า Kiehl's,Anda belum memiliki botol kosong Kiehl's.,У вас нет пустой баночки Kiehl's.,Non possiedi ancora alcun flacone vuoto Kiehl's,Você ainda não possui frascos vazios da Kiehl.,Aún no tienes ningún frasco vacío de Kiehl's.,Bạn vẫn chưa có chai rỗng nào của Kiehl.,尚未獲得契爾氏空瓶,Vous n'avez pas encore obtenu de bouteille vide Kiehl's.,Henüz Kiehl's boş şişen yok.
Kiehls_minigarden_alert,플랜팅을 하려면 공병 화분이 필요해요.,You need Kiehl's empty bottle to start planting.,カレンデュラのお花を育てるには、キールズの空ボトルが必要だよ。,种植金盏花前，需要获得科颜氏空瓶,种植金盏花前，需要获得科颜氏空瓶,ต้องใช้ขวดเปล่า Kiehl's ในการปลูก,Anda memerlukan botol kosong Kiehl's untuk menanam.,"Чтобы посадить цветок, нужна пустая баночка Kiehl's.",Procurati un flacone vuoto Kiehl's per piantare il seme.,É necessário um frasco vazio da Kiehl para plantar.,Para plantar necesitas un frasco vacío de Kiehl's.,Bạn cần một chai rỗng của Kiehl để trồng hoa.,必須要有契爾氏空瓶才能種花,Vous avez besoin d'une bouteille vide de Kiehl's pour planter.,Yetiştirmek için Kiehl's'ın boş şişesine ihtiyacın var.
Kiehls_marrigoround_alert,메리고라운드를 움직이려면 칼렌듈라 꽃병이 필요해요.,You need a calendula vase to activate the carousel.,メリーゴーランドを動かすには、カレンデュラの花瓶が必要だよ。,想让旋转木马转动，需要金盏花花瓶,想让旋转木马转动，需要金盏花花瓶,ต้องใช้ขวดดอกคาเลนดูล่าในการเคลื่อนม้าหมุน,Anda memerlukan vas bunga Calendula untuk mengaktifkan korsel.,"Чтобы активировать карусель, нужна ваза с ромашкой.",Procurati un vaso di calendula per attivare la giostra.,É necessário um vaso de calêndula para ativar o carrossel.,Para activar el carrusel necesitas una caléndula en jarrón.,Bạn cần một lọ hoa cúc để khởi động đu quay thú nhún.,必須要有金盞花花瓶才能啟動旋轉木馬,Vous avez besoin d'un vase de calendula pour mettre le manège en marche.,Atlıkarıncayı etkinleştirmek için bir kadife çiçeği vazosuna ihtiyacın var.
Kiehls_marrigoround_popup,메리고라운드 움직이기,Activate the carousel.,メリーゴーランドを動かす,转动旋转木马,转动旋转木马,เคลื่อนม้าหมุน,Aktifkan korsel.,Активируйте карусель.,Avvia a giostra.,Ative o carrossel.,Activa el carrusel.,Khởi động đu quay.,啟動旋轉木馬,Mettre le manège en marche,Atlıkarıncayı etkinleştir.
Kiehls_marrigoround_popup_button,움직이기,Activate,動かす,转动,转动,เคลื่อน,Aktifkan,Активировать,Avvia,Ativar,Activar,Khởi Động,啟動,Mettre en marche,Etkinleştir
Kiehls_Quest_Title_001,포토존에서 인증샷은 필수!,Take a photo at the Photo Zone!,フォトゾーンモデル,记得在拍照区打卡！,记得在拍照区打卡！,ห้ามพลาดแชะภาพที่จุดถ่ายรูป!,Ambil foto di Zona Foto!,Сфотографируйтесь в фотозоне!,Scatta una foto nell'area delle foto!,Tire uma foto na área de fotos!,¡Haz una foto en la zona de fotos!,Chụp ảnh ở Khu Vực Chụp Ảnh!,別忘了在拍照區拍攝認證照！,Prenez une photo dans la zone photo !,Fotozon'da bir fotoğraf çek!
Kiehls_Quest_Desc_001,키엘 포토존에 설치 된 자전거에 기대 포즈를 취해봐요.,Pose for a nice photo with bicycle.,キールズフォトゾーンにある自転車でポーズをとってみよう〜！,靠着科颜氏拍照区的自行车模型，摆个姿势吧,靠着科颜氏拍照区的自行车模型，摆个姿势吧,โพสท่าพิงโมเดลจักรยานที่จุดถ่ายรูป Kiehl's,Berpose dengan sepeda di Zona Foto Kiehl's.,Позируйте у модели велосипеда в фотозоне Kiehl's.,Mettiti in posa vicino alla bicicletta modello dell'area foto del negozio Kiehl's,Faça uma pose perto da bicicleta na área de fotos da Kiehl.,Haz una pose con la bicicleta modelo en la zona de fotos de Kiehl's.,Chụp một bức ảnh đứng dựa vào chiếc xe đạp mẫu tại Khu Chụp Ảnh của Kiehl.,在契爾氏攝影區的腳踏車模型旁擺出靠著腳踏車的姿勢吧！,Prenez la pose contre le modèle de vélo de la zone photo de Kiehl's.,Kiehl's Fotozon'da harika bir fotoğraf için bisikletle poz ver.
Kiehls_Quest_Title_002,미스터본과 기념사진 찰칵,Mr. Bones,ミスターボーンズと記念写真をカシャ！,和Mr.Bone拍一张纪念照！,和Mr.Bone拍一张纪念照！,ถ่ายรูปกับมิสเตอร์โบนส์เป็นที่ระลึก!,Foto Kenang-kenangan bersama Mr. Bones!,Фото на память с мистером Скелетом!,Foto ricordo con Mr. Bones!,Foto comemorativa com Mr. Bones!,¡Foto conmemorativa con el Sr. Bones!,Chụp hình lưu niệm với Mr. Bones!,和Mr.Bone拍張紀念照！,Prendre une photo avec Mr Bones !,Bay Bones ile hatıra fotoğrafı!
Kiehls_Quest_Desc_002,키엘의 마스코트인 미스터본을 찾아 사진을 찍어봐요.,"Take a photo with Kiehl’s mascot, Mr.Bones",キールズのマスコットキャラクター、ミスターボンズを探して自撮りを撮ってね〜,找到科颜氏吉祥物Mr.Bone自拍吧,找到科颜氏吉祥物Mr.Bone自拍吧,ตามหามิสเตอร์โบนซึ่งเป็นมาสคอตของ Kiehl's แล้วถ่ายเซลฟี่,"Temukan maskot Kiehl's, Mr. Bones, dan selfie bersama.","Найдите талисман Kiehl's, мистера Скелета, и сделайте селфи.","Trova la mascotte di Kiehl's, Mr. Bones e scatta un selfie insieme.","Ache o mascote da Kiehl, Mr. Bones, e tire uma selfie.","Encuentra a la mascota de Kiehl's, el Sr. Bones, y hazte una selfi.","Tìm linh vật của Kiehl, Mr. Bones, và chụp một bức ảnh selfie.",找到契爾氏的吉祥物Mr.Bone並自拍,"Trouvez la mascotte de Kiehl's, Mr Bones, et prenez un selfie.",Kiehl's'ın maskotu Bay Bones'u bul ve bir selfie çekin.
Kiehls_Quest_Title_003,뽀독뽀독 클렌징바,Cleansing Bar,きれいきれいクレンジングバー,干干净净的洁面皂,干干净净的洁面皂,Smoothing Cleansing Bar,Smoothing Cleansing Bar,Разглаживающее очищающее мыло,Saponetta idratante,Sabonete hidratante,Jabón hidratante,Xà Phòng Rửa Mặt Siêu Sạch,清潔溜溜潔顏皂,Cleansing bar rafraîchissant,Pürüzsüzleştirici Temizleme Çubuğu
Kiehls_Quest_Desc_003,우리의 지구를 위해 클렌징 바를 사용해봐요.,Try Kiehl’s eco-friendly cleansing bar.,キールズ環境キャンペーン製品のクレンジングバーを使ってみよう！,为了保护地球环境，使用洁面皂吧,为了保护地球环境，使用洁面皂吧,ลองใช้ Cleansing Bar เพื่อโลกของเรา,Coba cleansing bar ramah lingkungan Kiehl's,Попробуйте экологически чистое очищающее мыло Kiehl's.,Scopri la nuova saponetta ecosostenibile Kiehl's.,Experimente o sabonete ecológico da Kiehl's.,Prueba el jabón sostenible de Kiehl's.,Dùng thử xà phòng rửa mặt thân thiện với môi trường của Kiehl.,為維護地球，使用潔顏皂吧！,Essayez le cleansing bar écologique de Kiehl's pour notre planète.,Kiehl’s çevre dostu temizleme çubuğunu dene.
Kiehls_Quest_Title_004,시원한 아이스 아메리카노!,Iced Coffee Time,ひんやりアイスアコーヒー！,凉爽的冰美式！,凉爽的冰美式！,ไอซ์อเมริกาโน่เย็นชื่นใจ!,Es Americano yang Dingin!,Американо со льдом!,Un buon caffè americano freddo!,Americano gelado!,¡Americano helado!,Americano Đá Mát Lạnh!,清涼的冰美式咖啡！,Americano glacé bien frais !,Soğuk Buzlu Americano!
Kiehls_Quest_Desc_004,2층 루프탑 카페에서 텀플러를 획득해요.,Get Kiehl’s eco-friendly tumbler at the rooftop cafe.,キールズショップの2階にある屋外カフェで、タンブラーを獲得してね！,在科颜氏门店2层的露天咖啡店获得保温杯吧,在科颜氏门店2层的露天咖啡店获得保温杯吧,รับแก้วทัมเบลอร์ที่รูฟท็อปคาเฟ่บนชั้น 2 ของช็อป Kiehl's,Dapatkan tumbler dari kafe di lantai 2 toko Kiehl's,Приобретите тамблер в кафе на втором этаже магазине Kiehl's.,Ordina un bicchiere di caffè al bar situato al secondo piano del negozio Kiehl's,Obtenha o copo americano no café no 2º. andar da loja da Kiehl.,"Consigue el vaso en la cafetería del 2.º piso, en la tienda Kiehl's.",Nhận bình nước từ tiệm cà phê trên tầng 2 của cửa hàng Kiehl,在契爾氏門市2樓頂樓咖啡廳取得隨行杯吧！,Obtenez le gobelet au café du 1er étage du magasin Kiehl's.,Kiehl's mağazasının 2. katındaki kafeden termos bardağı al
Kiehls_Quest_Title_005,공병 반납 하기,Return Empty Bottles,空ボトル回収キャンペーン,空瓶回收活动,空瓶回收活动,แคมเปญคืนขวดเปล่า,Kampanye Pengembalian Botol Kosong,Кампания по возврату пустых баночек,Campagna di restituzione dei flaconi vuoti,Campanha de Reciclagem de Frascos Vazios,Campaña de recuperación de frascos vacíos,Chiến Dịch Trả Chai Rỗng,空瓶回收活動,Campagne de renvoi des bouteilles vides,Boş Şişe İade Kampanyası
Kiehls_Quest_Desc_005,"칼렌듈라 꽃밭에서 공병을 찾아, 키엘 팝업의 공병 수거함에 3회 반납해주세요.",Find an empty bottle in the calendula flower garden and return the bottle to the bottle collection box inside the Kiehl's pop-up. <br>Repeat 3 times to claim your prize.,カレンデュラのお花畑で空ボトルを探して、キールズポップアップの空ボトル回収箱に3回返却しよう！,捡起被扔在金盏花花丛中的空瓶，放入科颜氏快闪店空瓶回收箱3次,捡起被扔在金盏花花丛中的空瓶，放入科颜氏快闪店空瓶回收箱3次,ตามหาขวดเปล่าที่ถูกทิ้งไว้ในสวนดอกคาเลนดูล่า แล้วนำไปคืนที่จุดเก็บขวดเปล่าในป๊อปอัปสโตร์ Kiehl's 3 ครั้ง,Temukan botol kosong di taman bunga Calendula dan kembalikan ke kotak pengumpulan botol di toko pop-up Kiehl's 3 kali.,Найдите пустые баночки в ромашковом саду и верните их в бокс для приема баночек во временном магазине Kiehl's 3 раза.,Preleva i flaconi vuoti dal giardino dei fiori di calendula per depositarli nell’apposito contenitore di raccolta del negozio Kiehl’s per 3 volte.,Ache frascos vazios no jardim de calêndulas e leve-os para a caixa de coleta de frascos vazios na lojinha da Kiehl's. Você deve fazer isso 3 vezes.,Encuentra los frascos vacíos en el jardín caléndula y devuévelos a la caja de recolección de frascos vacíos en la tienda efímera Kiehl's. Hazlo 3 veces.,Tìm các chai rỗng trong vườn hoa cúc và đặt chúng vào hộp thu gom chai rỗng trong cửa hàng pop-up của Kiehl 3 lần.,在金盞花圃撿拾3個廢棄空瓶並放入契爾氏快閃店空瓶回收箱,Trouvez les bouteilles vides dans le parterre de fleurs de calendula et remettez-les dans la boîte de collecte de bouteilles vides de Kiehl's Pop-up 3 fois.,Kadife çiçeği bahçesindeki boş şişeleri bul ve Kiehl's gezici mağazasındaki şişe toplama kutusuna 3 defa geri koy.
Kiehls_Quest_Title_006,공병 플로깅하고 재활용하기,Recycle Empty Bottles,クレム・ドゥ・コール,捡跑空瓶再利用,捡跑空瓶再利用,เก็บขวดเปล่ามารีไซเคิล,Daur Ulang Botol Kosong,Отправляйте пустые баночки на переработку,Ricicla i flaconi vuoti,Recicle frascos vazios,Recicla los frascos vacíos,Tái Chế Chai Rỗng,撿拾空瓶並活用,Ramasser et recycler des bouteilles vides,Boş Şişeleri Geri Dönüştür
Kiehls_Quest_Desc_006_1,칼렌듈라 꽃밭에서 버려진 공병을  찾아보세요.,Find empty bottles inside the calendula flower garden.,カレンデュラのお花畑で空ボトルを探してみてね。,在金盏花花园找到空瓶,在金盏花花园找到空瓶,ตามหาขวดเปล่าในสวนดอกคาเลนดูล่า,Cari botol kosong di taman bunga Calendula.,Ищите пустые баночки в ромашковом саду.,Cerca i flaconi vuoti nascosti nel giardino dei fiori di calendula.,Procure frascos vazios no jardim de calêndulas.,Busca frascos vacíos en el jardín caléndula.,Tìm chai rỗng trong vườn hoa cúc.,在金盞花花圃尋找空瓶吧！,Trouvez des bouteilles vides dans le parterre de fleurs de calendula.,Kadife çiçeği bahçesinde boş şişeleri ara.
Kiehls_Quest_Desc_006_2,"공병을 들고, 루프탑 카페의 미니 화단으로 이동해요. 미니 화단에서 공병 화분에 칼렌듈라 꽃을 심어보세요!",Take the empty bottle to the mini-garden. You can plant calendula flowers with recycled empty bottle.,空ボトルを持って、ミニ花壇に移動しよう。ミニ花壇でカレンデュラのお花を育てることができるよ！,拿着空瓶，前往迷你花坛，在迷你花坛可以体验种植金盏花,拿着空瓶，前往迷你花坛，在迷你花坛可以体验种植金盏花,ถือขวดเปล่าไปยังสวนจิ๋ว สามารถทดลองปลูกดอกคาเลนดูล่าในสวนจิ๋วได้ด้วยนะ!,Bawa botol kosong dan pindah ke taman mini. Kamu bisa menanam bunga calendula di taman mini!,Отнесите пустую баночку Kiehl's в мини-сад. Вы можете посадить ромашку в мини-саду!,Prendi un flacone vuoto e raggiungi il giardinetto dove potrai piantare i semi della pianta della calendula!,Pegue o frasco vazio e vá para o minijardim. Você pode plantar flores de calêndula lá!,Lleva el frasco vacío al minijardín. ¡Puedes plantar flores de caléndulas en el minijardín!,Cầm chai rỗng và di chuyển đến khu vườn nhỏ. Bạn có thể trồng hoa cúc trong khu vườn nhỏ!,拿著空瓶前往迷你花圃，在迷你花圃可種植金盞花,Prenez la bouteille vide et allez dans la petite plate-bande. Vous pouvez faire l'expérience de la plantation de fleurs de calendula dans la petite plate-bande !,Boş şişeyi al ve küçük bahçeye git. Küçük bahçeye kadife çiçekleri ekebilirsin!
Kiehls_Quest_Desc_006_3,"키엘 브릿지 옆의 메리고라운드를 찾아봐요. 단상 위에 공병 화분을 올리면, 페달을 돌려 메리고라운드를 움직일 수 있어요.",Find the carousel next to the bridge. Place the flower vase on the platform to activate the carousel.,キールズ橋の隣にあるメリーゴーランドを探してみよう。メリーゴーランドの上にカレンデュラの花瓶を乗せてペダルを回すと、メリーゴーランドを動かせるよ！,在科颜氏桥旁边找到旋转木马。将金盏花花瓶放在台子上，转动踏板可以让旋转木马转动,在科颜氏桥旁边找到旋转木马。将金盏花花瓶放在台子上，转动踏板可以让旋转木马转动,ตามหาม้าหมุนที่อยู่ข้างๆ สะพาน Kiehl's หากนำขวดดอกไม้ไปวางบนแท่น จะสามารถเหยียบคันเหยียบเพื่อทำให้ม้าหมุนเคลื่อนได้,"Temukan korsel di sebelah jembatan Kiehl's. Letakkan vas bunga di platform, dan kayuh pedal untuk mengaktifkan korsel.","Найдите карусель у моста Kiehl's. Поместите вазу на платформу и поверните педаль, чтобы активировать карусель.",Trova la giostra nei pressi del ponte Kiehl's. Posiziona il vaso sulla piattaforma e usa il pedale per avviare la giostra.,Ache o carrossel próximo à ponte da Kiehl. Coloque o vaso na plataforma e gire o pedal para ativar o carrossel.,Encuentra el carrusel cerca del puente Kiehl's. Coloca el jarrón en la plataforma y gira el pedal para activar el carrusel.,"Tìm đu quay thú nhún ở bên cạnh cầu Kiehl. Đặt một lọ hoa trên bục, và xoay bàn đạp để khởi động đu quay.",前往契爾氏橋旁的旋轉木馬，將金盞花花瓶放在台子上，轉動踏板就能啟動旋轉木馬,"Trouvez le manège à côté du pont de Kiehl's. Placez le vase sur la plateforme, et tournez la pédale pour mettre le manège en marche.",Kiehl's köprüsünün yanındaki atlıkarıncayı bul. Vazoyu platforma yerleştir ve atlıkarıncayı etkinleştirmek için kolu çevir.
zw_quest_alert_clear,퀘스트를 클리어 했습니다! 스탬프를 획득하세요.,You've cleared all the quests! Receive the stamps.,クエストをクリアしたよ！ スタンプを獲得しよう！,任务已完成！领取印章吧,任务已完成！领取印章吧,เคลียร์เควสต์เรียบร้อยแล้ว! รับสแตมป์ได้เลย,Anda telah menyelesaikan semua misi! Terima stempelnya.,Вы завершили все квесты!! Получите печати.,Hai completato tutte le missioni! Ricevi subito i francobolli.,Concluiu todas as missões! Receba as estampas.,¡Completaste todas las misiones! Aquí tienes las recompensas.,Bạn đã hoàn thành tất cả các nhiệm vụ! Hãy nhận con dấu.,任務完成！請領取印章,Vous avez terminé toutes les quêtes ! Obtenez les tampons.,Bütün görevleri tamamladın! Damgaları al.
zw_quest_alert_reward,보상 게이지를 채웠습니다! 보물상자를 눌러 보상을 수령하세요.,The reward gauge has been filled! Click on the treasure box to collect the reward.,ボーナスゲージが満タンだよ！宝箱をタップして、報酬を受け取ってね。,已填满奖励计量器！点击宝箱领取奖励吧,已填满奖励计量器！点击宝箱领取奖励吧,แถบรางวัลเต็มแล้ว! กดที่กล่องรางวัลเพื่อรับรางวัล,"Meteran hadiah sudah terisi!
Klik kotak harta karun untuk mengambil hadiah.","Шкала наград заполнена! Нажмите на сундук с сокровищами, чтобы получить награду.",L'indicatore della ricompensa è ora al massimo livello! Clicca sullo scrigno del tesoro per riscattarla.,A barra de recompensas foi preenchida! Clique no baú para coletar a recompensa.,¡Se llenó el medidor de recompensas! Haz clic en el cofre del tesoro para recolectar la recompensa.,Đã hoàn thành chỉ tiêu nhận thưởng! Nhấn vào hộp kho báu để thu thập phần thưởng.,獎勵計量條已滿！點選禮物箱領取獎勵吧！,La jauge de récompense a été remplie ! Cliquez sur le coffre au trésor pour récupérer la récompense.,Ödül göstergesi dolduruldu! Ödülü toplamak için hazine kutusuna tıkla.
zw_quest_alert_repeat,보상 게이지를 채웠습니다! 보물상자를 눌러 보상을 수령하세요.,You've cleared all the quests! Receive the rewards.,クエストを全部クリアしたよ！ 報酬を獲得しよう！,已完成全部任务！领取奖励吧,已完成全部任务！领取奖励吧,เคลียร์เควสต์ทั้งหมดแล้ว! รับ รางวัลได้เลย,Anda telah menyelesaikan semua misi! Terima hadiah.,Вы завершили все квесты!! Получите награды.,Hai completato tutte le missioni! Ricevi le ricompense.,Concluiu todas as missões! Receba as recompensas.,¡Completaste todas las misiones! Aquí tienes las recompensas.,Bạn đã hoàn thành tất cả các nhiệm vụ! Hãy nhận thưởng.,已完成所有任務！請領取獎勵,Vous avez terminé toutes les quêtes ! Obtenez les récompenses.,Bütün görevleri tamamladın! Al: Ödüller.
zw_quest_alert_connect,퀘스트를 클리어했습니다! 다음 퀘스트를 확인해주세요!,You've cleared the quest! Please check for next quest!,クエストをクリアしたよ！次のクエストを確認しよう！,任务完成！查看下一个任务吧！,任务完成！查看下一个任务吧！,เคลียร์เควสต์เรียบร้อยแล้ว! โปรดตรวจสอบเควสต์ต่อไป!,Anda telah menyelesaikan misi! Silakan periksa misi selanjutnya!,"Квест выполнен! Узнайте, какой квест вас ждет дальше!",Hai completato la missione! Scopri qual è la prossima sfida da completare!,Concluiu a missão! Veja a próxima missão!,¡Completaste la misión! ¡Busca la siguiente!,Bạn đã hoàn thành tất cả các nhiệm vụ! Hãy xem nhiệm vụ tiếp theo!,已完成任務！請查看下一個任務！,Vous avez terminé la quête ! Veuillez vous renseigner sur la prochaine quête !,Görevi tamamladın! Lütfen bir sonraki görev için kontrol et.
zw_quest_popup_Title_world,월드 퀘스트,World Quest,ワールドクエスト,世界任务,世界任务,เควสต์ World,Misi Dunia,Квест Мира,Missione del Mondo,Missão de Mundo,Misión de Mundo,Nhiệm Vụ World,世界任務,Quête du Monde,Dünya Görevi
zw_quest_popup_Title_daily,데일리 퀘스트,Daily Quest,デイリークエスト,每日任务,每日任务,เควสต์ประจำวัน,Misi Harian,Ежедневный квест,Missione del giorno,Missão Diária,Misión diaria,Nhiệm Vụ Hàng Ngày,每日任務,Quête quotidienne,Günlük Görev
zw_quest_popup_Title_event,이벤트 퀘스트,Event Quest,イベントクエスト,活动任务,活动任务,เควสต์กิจกรรม,Misi Event,Квест на событие,Missione evento,Missão de Evento,Misión de evento,Nhiệm Vụ Sự Kiện,活動任務,Quête d'évènements,Etkinlik Görevi
zw_quest_reward_button,확인,View,確認,确认,确认,ตรวจสอบ,Lihat,Просмотреть,Visualizza,Ver,Ver,Xem,確認,Confirmer,Görüntüle
zw_quest_reward_item_check,지금 착용하기,Equip Now,今すぐ着替える,现在穿戴,现在穿戴,สวมใส่ตอนนี้,Pakai Sekarang,Экипируйте сейчас,Applica ora elementi,Equipar agora,Equipar ahora,Trang Bị Ngay,立刻配戴,Essayer maintenant,Şimdi Kuşan
zw_quest_reward_worlditem_check,지금 사용하기,Use Now,今すぐ使う,现在使用,现在使用,ใช้ตอนนี้,Gunakan Sekarang,Используйте сейчас,Usa ora,Usar agora,Usar ahora,Dùng Ngay,立刻使用,Utiliser maintenant,Şimdi Kullan
screenshot_screenshotShootDone,촬영 완료! 올리시겠습니까?,Photo shoot complete! Upload now?,撮影完了！さっそくアップする？,拍好啦！要上传吗？,拍好啦！要上传吗？,ถ่ายสำเร็จ! ต้องการอัปโหลดหรือไม่?,Selesai! Unggah?,Съемка завершена. Загрузить фотографию сейчас?,Shooting terminato! Vuoi caricare le foto ora?,Sessão de fotos concluída! Enviar agora?,¡Sesión de fotos completada! ¿Cargar ahora?,Đã chụp xong! Đăng tải ngay?,拍攝完畢！要上傳嗎？,Shooting terminé ! Voulez-vous télécharger ?,Fotoğraf çekimi tamamlandı! Şimdi yüklensin mi?
screenshot_screenshotEdit,편집,Edit,編集,编辑,编辑,แก้ไข,Mengedit,Редактировать,Modifica,Editar,Editar,Chỉnh Sửa,編輯,Modifier,Düzenle
screenshotUpload,게시물 등록,Post,投稿する,发布作品,发布作品,อัปโหลดโพสต์,Posting,Опубликовать,Pubblica,Publicar,Publicar,Đăng,上傳作品,Poster,Gönderi
screenshot_toastFail,FAIL,FAIL,FAIL,失败,失败,FAIL,GAGAL,СБОЙ,ERRORE,ERRO,FALLO,FAIL,FAIL,FAIL,BAŞARISIZ
screenshot_toastSuccess,완료,Done,完了,完成,完成,สำเร็จ,Selesai,Готово,Operazione completata,Pronto,Listo,Hoàn Tất,完成,Terminer,Tamam
screenshot_toastProgress,진행 중...,In progress...,進行中…,进行中...,进行中...,กำลังดำเนินการ...,Sedang berlangsung,Выполняется...,In corso...,Em andamento...,En progreso...,Đang tiến hành...,進行中......,En cours...,Devam ediyor...
screenshot_previewUpload,게시물 등록,Post,投稿する,发布作品,发布作品,อัปโหลดโพสต์,Posting,Опубликовать,Pubblica,Publicar,Publicar,Đăng,上傳作品,Poster,Gönderi
screenshot_previewDescriptionTitle,설명,Description,説明,介绍,介绍,คำอธิบาย,Deskripsi,Описание,Descrizione,Descrição,Descripción,Miêu Tả,說明,Description,Açıklama
screenshot_previewFeedMessagePlaceHolder,#ZEPETOWorld #FourSeasonsGarden #Kiehls,#ZEPETOWorld #FourSeasonsGarden #Kiehls,#ZEPETOWorld #FourSeasonsGarden #Kiehls,#ZEPETOWorld #FourSeasonsGarden #Kiehls,#ZEPETOWorld #FourSeasonsGarden #Kiehls,#ZEPETOWorld #FourSeasonsGarden #Kiehls,#ZEPETOWorld #FourSeasonsGarden #Kiehls,#ZEPETOWorld #FourSeasonsGarden #Kiehls,#ZEPETOWorld #FourSeasonsGarden #Kiehls,#ZEPETOWorld #FourSeasonsGarden #Kiehls,#ZEPETOWorld #FourSeasonsGarden #Kiehls,#ZEPETOWorld #FourSeasonsGarden #Kiehls,#ZEPETOWorld #FourSeasonsGarden #Kiehls,#ZEPETOWorld #FourSeasonsGarden #Kiehls,#ZEPETOWorld #FourSeasonsGarden #Kiehls
screenshot_toastMaxCharacter,최대 150자,Max 150 characters,最大150文字,最多150字,最多150字,สูงสุด 150 ตัว,Maksimal 150 kata,Макс. 150 символов,Limite max. di 150 caratteri,Máx. 150 caracteres,150 caracteres como máx.,Tối đa 150 kí tự,最多150字,150 caractères maximum,Maks. 150 karakter
zw_quest_alert_reward_check,퀘스트 클리어 보상을 받았어요! <br>선물함에서 획득한 아이템을 확인해 보세요.,You've received a quest clear reward! <br>Check out the item in the gift box.,クエストクリアボーナスをゲット！<br>プレゼントBOXで確認できるよ！,收到了任务完成奖励！<br>请在礼物盒确认获得的商品,收到了任务完成奖励！<br>请在礼物盒确认获得的商品,คุณได้รับรางวัลเคลียร์เควสท์! <br>ตรวจสอบไอเทมในกล่องของขวัญ,Hadiah penyelesaian misi didapat! <br>Cek itemnya di kotak hadiah.,Вы получили награду за выполнение квеста!<br>Ваш предмет — в Подарочной коробке.,Hai ricevuto una ricompensa per aver completato la missione!<br>Scopri cos'hai vinto nella scatola regalo.,Recebeu uma recompensa de conclusão de missão! <br>Confira o item na caixa de presentes.,¡Recibiste una recompensa por completar la misión!<br>La encontrarás en la caja de regalo.,Bạn đã nhận được thưởng hoàn thành nhiệm vụ! <br>Kiểm tra vật phẩm trong hộp quà.,收到了任務完成獎勵！<br>請在禮物盒確認獲得的物品,Vous avez reçu une récompense pour terminer une quête ! <br>Vérifiez les articles dans le coffret cadeau.,Görev tamamlama ödülü aldın! <br>Hediye kutusundan ögeyi kontrol et.
zw_quest_linked_button,연결 퀘스트 보기,View linked quests,クエストをチェック,查看连接任务,查看连接任务,ดูเควสท์ทั้งหมด,Lihat misi,Посмотреть все квесты,Visualizza tutte le missioni,Ver todas as missões,Ver todas las misiones,Xem tất cả nhiệm vụ,查看鏈結任務,Voir les quêtes liées,Tüm görevlere bak
zw_loading_skip,Tap the screen to skip,Tap the screen to skip,画面をタップしてスキップしてね！,点击屏幕跳过,点击屏幕跳过,แตะเพื่อข้าม,Ketuk untuk melewati,"Коснитесь экрана, чтобы пропустить",Tocca lo schermo per saltare,Toque na tela para ignorar,Toca la pantalla para omitir,Chạm màn hình để bỏ qua,點擊螢幕略過,Touchez l'écran pour sauter.,Geçmek için ekrana dokun
Kiehls_marrigoround_popup_button_cancle,취소,Cancel,キャンセル,取消,取消,ยกเลิก,Batal,Отмена,Annulla,Cancelar,Cancelar,Hủy,取消,Annuler,İptal Et
zw_quest_msg_complete,퀘스트 완료,Quest Clear,クエストクリア,已完成任务,已完成任务,เควสต์เคลียร์,Misi Selesai,Квест завершен,Missione completata,Missão Concluída,Misión completada,Nhiệm Vụ Hoàn Thành,任務完成,Quête accomplie,Görevi Tamamla
warning_connection,제페토 월드와의 통신이 끊어졌어요.<br>다시 접속할까요?,You've lost your connection to ZEPETO World.<br>Try again?,ZEPETO Worldとの通信が<br>切れてしまいました。<br>もう一度接続しますか？,,,การเชื่อมต่อกับ ZEPETO WORLD ถูกตัดขาด<br>ต้องการเชื่อมต่ออีกครั้งหรือไม่?,Kamu kehilangan koneksi Dunia ZEPETO.<br>Apakah kamu ingin mencoba untuk terhubung lagi?,Связь с Миром ZEPETO прервана.<br>Повторить подключение?,Hai perso la connessione al Mondo ZEPETO.<br>Vuoi riprovare?,Conexão perdida com o Mundo ZEPETO.<br>Tentar novamente?,Perdiste la conexión con el Mundo ZEPETO.<br>¿Intentar de nuevo?,Bạn đã mất kết nối với ZEPETO World.<br>Thử lại?,ZEPETO世界已斷線，<br>要重新連線嗎？,Vous avez perdu la connexion au Monde ZEPETO.<br>Voulez-vous vous reconnecter ?,ZEPETO Dünyası ile bağlantın koptu.<br>Tekrar denensin mi?
ok,OK,OK,確認,OK,OK,OK,OK,ОК,OK,OK,OK,OK,OK,OK,Tamam